route,matfile,run_index,solver,strategy,seed,pop_size,dim,iterations,runtime_s,HV,IGD,Nf1,best_time_s,best_energy_kWh,time_at_best_energy_s
IS08,IS08\benchmark_results_nsga2-mopso_base.mat,1,nsga2,base,1,200,8,300,310.2233028,1.11267893038289,0.00169542125587765,200,189.806431747791,36.7666177105831,568.090248120224
IS08,IS08\benchmark_results_nsga2-mopso_base.mat,2,nsga2,base,2,200,8,300,307.0467828,1.11287651182803,0.00187132623357655,200,189.806431747791,36.7666177105831,568.090248120224
IS08,IS08\benchmark_results_nsga2-mopso_base.mat,3,nsga2,base,3,200,8,300,307.8352901,1.11272088658048,0.00543136130322409,200,189.889080118768,36.7666177105831,568.090248120224
IS08,IS08\benchmark_results_nsga2-mopso_base.mat,4,mopso,base,1,200,8,300,291.203302,1.1114634262013,0.00756728796716312,200,190.481394909427,36.7666177105831,574.429097653822
IS08,IS08\benchmark_results_nsga2-mopso_base.mat,5,mopso,base,2,200,8,300,291.2875068,1.11177693772123,0.00582010854037074,200,189.889080118768,36.7701871313178,581.02188684792
IS08,IS08\benchmark_results_nsga2-mopso_base.mat,6,mopso,base,3,200,8,300,291.7003338,1.11205312202816,0.00570371124514868,200,189.889080118768,36.7701871313178,581.02188684792
