config,use_llm_advisor,run_id,hv,igd,feasible,E_best_kWh,energy_saving_pct,runtime_s
D,0,1,1.15946245868042,0,0.686666666666667,9.1541134528051,77.6767144097337,505.7720987
