route,matfile,run_index,solver,strategy,seed,pop_size,dim,iterations,runtime_s,HV,IGD,Nf1,best_time_s,best_energy_kWh,time_at_best_energy_s
IS07,IS07\benchmark_results_nsga2-mopso_base.mat,1,nsga2,base,1,200,2,300,206.4139809,1.07472015222654,0.00210357202341444,200,125.222587790673,19.0256474858172,436.877562951295
IS07,IS07\benchmark_results_nsga2-mopso_base.mat,2,nsga2,base,2,200,2,300,210.055248,1.07450384087855,0.00221986354743904,200,125.222587790673,19.0256474858172,436.877562951295
IS07,IS07\benchmark_results_nsga2-mopso_base.mat,3,nsga2,base,3,200,2,300,207.8138166,1.07441064161569,0.00225682339812125,200,125.222587790673,19.0256474858172,436.877562951295
IS07,IS07\benchmark_results_nsga2-mopso_base.mat,4,mopso,base,1,200,2,300,186.9152529,1.07436402177258,0.00629964032815819,200,125.838072484043,19.0256474858172,436.877562951295
IS07,IS07\benchmark_results_nsga2-mopso_base.mat,5,mopso,base,2,200,2,300,186.9579665,1.07446411838438,0.0020492753115217,200,125.222693124527,19.0256474858172,436.877562951295
IS07,IS07\benchmark_results_nsga2-mopso_base.mat,6,mopso,base,3,200,2,300,186.3599111,1.07445174780032,0.00253308313569578,200,125.265660117106,19.0256474858172,436.877562951295
